p1,CAGGTACGCAGTTAGCACTC,biotin
p2,CGTGGCAATATGACTACGGA,biotin
p3,CAGGTACGCAGTTAGCACTC,
p4,CGTGGCAATATGACTACGGA,
s1,CAGGTACGCAGTTAGCACTCCGTACGTACGTACGTACGCAGCTAGCTCGATGAGTACTCTGCTCGATGAGTACTCTGCTCGACGAGATGAGACGAGTCTCTCGTAGACGAGAGCAGACTCAGTCATCGCGCTAGAGAGCATAGAGTCGTGATCTATGCTCAGACTCTGCTCGACGACAGATCCGTAGTCATATTGCCACG,
s2,CAGGTACGCAGTTAGCACTCCGTACGTACGTACGTAGACTCGAGATGACAGCTCGCATCTACGAGCTCGAGATGACACAGAGTATCGCATCTACGACACAGTCTCTCGCGAGCTAGAGATGAGTGATCGAGCTCTGCTCGCTCTCGTGACAGTCGACTCGAGAGTGCAGAGCAGACTCATTCCGTAGTCATATTGCCACG,
s3,CAGGTACGCAGTTAGCACTCCGTACGTACGTACGTATCGCTGAGTATCGCATCTGACTCTCATCGCACTCGCATCGATGAGTCGACTCTCTACTCTCATCGCGCTCGCATCGATGAGTCGACTCTCTGACTCTCATCTCGAGACTCTCGCATCGAGAGAGTCGACATAGTGCAGTGATGCTCCGTAGTCATATTGCCACG,
primer-test,AACTAAACGGAGGCCAACAGAGGTCGGACAACGCCTTAAGCGATTAAGGCCACCGAAACGTACCAACATTGCCGCAACTGCGGCACCAACGAAAGAATCGGCATTCTTGGAACAACCAGCGAGTTTCCGAGGACCTGTTTGATTCCTGCCTGGAAGCAACGCATTTACAAGCAACCACCTGATTGGTCAAGCCGCTTGTT,
p2000-1,AGGTCGGACAACGCCTTAAG,
p2000-1',TCCACCAACGAACATTTACG,
p2000-2,AACTAAACGGAGGCCAACAG,
p2000-2',TTTGTCCAGGAGCCTTTGAG,
p2000-3,CGGCACCAACGAAAGAATCG,
p2000-3',CAACGAAGGTCCGTCCTTAG,
p2000-4,TACCAACATTGCCGCAACTG,
p2000-4',CGACCAACAAGGTTCTTACG,
p2000-5,CGATTAAGGCCACCGAAACG,
p2000-5',TTGTTCGCCGAACTGGTTAG,
